Method,Fan_Bias_Score
Rank,0.6403973133454237
Percentage,0.7695931440620742
Save,0.5306716127965914
